Crime_index,Residential_index,Farm_index,River,NOX,Count_Room,House_age,Dist_Employ,Highway,Tax,Student_per_teacher,People_aged_index,Mall_vacancy%,price,Label
0.00632,18.0,2.31,0,0.538,6.575,0.652,4.09,1,2.96,15.3,3.969,1.66,24.0,30.140931860668402
0.02731,0.0,7.07,0,0.469,6.421,0.789,4.9671,2,2.42,17.8,3.969,3.05,21.6,22.242184925033264
0.02729,0.0,7.07,0,0.469,7.185,0.611,4.9671,2,2.42,17.8,3.9283,1.34,34.7,35.02329880368498
0.03237,0.0,2.18,0,0.458,6.998,0.458,6.0622,3,2.22,18.7,3.9463,0.98,33.4,34.131122260948466
0.06905,0.0,2.18,0,0.458,7.147,0.542,6.0622,3,2.22,18.7,3.969,1.78,36.2,33.87794342439398
0.02985,0.0,2.18,0,0.458,6.43,0.587,6.0622,3,2.22,18.7,3.9412,1.74,28.7,27.13243890166756
0.08829,12.5,7.87,0,0.524,6.012,0.666,5.5605,5,3.11,15.2,3.956,4.14,22.9,21.720044535818584
0.14455,12.5,7.87,0,0.524,6.172,0.961,5.9505,5,3.11,15.2,3.969,6.38,27.1,23.24382258611597
0.21124,12.5,7.87,0,0.524,5.631,1.0,6.0821,5,3.11,15.2,3.8663,9.98,16.5,18.496440808695915
0.17004,12.5,7.87,0,0.524,6.004,0.859,6.5921,5,3.11,15.2,3.8671,5.7,18.9,18.413277757288455
0.22489,12.5,7.87,0,0.524,6.377,0.943,6.3467,5,3.11,15.2,3.9252,6.82,15.0,17.56032926063162
0.11747,12.5,7.87,0,0.524,6.009,0.829,6.2267,5,3.11,15.2,3.969,4.42,18.9,19.684086533467212
0.09378,12.5,7.87,0,0.524,5.889,0.39,5.4509,5,3.11,15.2,3.905,5.24,21.7,20.718132009135054
0.62976,0.0,8.14,0,0.538,5.949,0.618,4.7075,4,3.07,21.0,3.969,2.75,20.4,20.85570893729418
0.63796,0.0,8.14,0,0.538,6.096,0.845,4.4619,4,3.07,21.0,3.8002,3.42,18.2,18.564936290054398
0.62739,0.0,8.14,0,0.538,5.834,0.565,4.4986,4,3.07,21.0,3.9562,2.82,19.9,20.696304752484192
1.05393,0.0,8.14,0,0.538,5.935,0.293,4.4986,4,3.07,21.0,3.8685,2.19,23.1,22.193844651349757
0.7842,0.0,8.14,0,0.538,5.99,0.817,4.2579,4,3.07,21.0,3.8675,4.89,17.5,17.222668032556854
0.80271,0.0,8.14,0,0.538,5.456,0.366,3.7965,4,3.07,21.0,2.8899,3.9,20.2,19.067973461770322
0.7258,0.0,8.14,0,0.538,5.727,0.695,3.7965,4,3.07,21.0,3.9095,3.76,18.2,19.087636929489882
1.25179,0.0,8.14,0,0.538,5.57,0.981,3.7979,4,3.07,21.0,3.7657,7.01,13.6,13.895907353822661
0.85204,0.0,8.14,0,0.538,5.965,0.892,4.0123,4,3.07,21.0,3.9253,4.61,19.6,18.219530672341126
1.23247,0.0,8.14,0,0.538,6.142,0.917,3.9769,4,3.07,21.0,3.969,6.24,15.2,16.346476711101328
0.98843,0.0,8.14,0,0.538,5.813,1.0,4.0952,4,3.07,21.0,3.9454,6.63,14.5,14.584251437882967
0.75026,0.0,8.14,0,0.538,5.924,0.941,4.3996,4,3.07,21.0,3.9433,5.43,15.6,16.089525545523983
0.84054,0.0,8.14,0,0.538,5.599,0.857,4.4546,4,3.07,21.0,3.0342,5.5,13.9,14.709219882184609
0.67191,0.0,8.14,0,0.538,5.813,0.903,4.682,4,3.07,21.0,3.7688,4.94,16.6,16.726486488747327
0.95577,0.0,8.14,0,0.538,6.047,0.888,4.4534,4,3.07,21.0,3.0638,5.76,14.8,14.80270862962198
0.77299,0.0,8.14,0,0.538,6.495,0.944,4.4547,4,3.07,21.0,3.8794,4.27,18.4,18.4063680435526
1.00245,0.0,8.14,0,0.538,6.674,0.873,4.239,4,3.07,21.0,3.8023,3.99,21.0,19.884284236604703
1.13081,0.0,8.14,0,0.538,5.713,0.941,4.233,4,3.07,21.0,3.6017,7.53,12.7,13.437348022958108
1.35472,0.0,8.14,0,0.538,6.072,1.0,4.175,4,3.07,21.0,3.7673,4.35,14.5,18.31684896446029
1.38799,0.0,8.14,0,0.538,5.95,0.82,3.99,4,3.07,21.0,2.326,9.24,13.2,14.041534730785326
1.15172,0.0,8.14,0,0.538,5.701,0.95,3.7872,4,3.07,21.0,3.5877,6.12,13.1,14.600629882975529
1.61282,0.0,8.14,0,0.538,6.096,0.969,3.7598,4,3.07,21.0,2.4831,6.78,13.5,14.186873054010919
0.06417,0.0,5.96,0,0.499,5.933,0.682,3.3603,5,2.79,19.2,3.969,3.23,18.9,22.83022505171578
0.09744,0.0,5.96,0,0.499,5.841,0.614,3.3779,5,2.79,19.2,3.7756,3.8,20.0,21.843300674541233
0.08014,0.0,5.96,0,0.499,5.85,0.415,3.9342,5,2.79,19.2,3.969,2.92,21.0,23.44859046488546
0.17505,0.0,5.96,0,0.499,5.966,0.302,3.8473,5,2.79,19.2,3.9343,3.38,24.7,22.98186739194481
0.02763,75.0,2.95,0,0.428,6.595,0.218,5.4011,3,2.52,18.3,3.9563,1.44,30.8,29.78455632131722
0.03359,75.0,2.95,0,0.428,7.024,0.158,5.4011,3,2.52,18.3,3.9562,0.66,34.9,33.661060526109594
0.12744,0.0,6.91,0,0.448,6.77,0.029,5.7209,3,2.33,17.9,3.8541,1.61,26.6,28.272187193819878
0.1415,0.0,6.91,0,0.448,6.169,0.066,5.7209,3,2.33,17.9,3.8337,1.94,25.3,24.697601241307822
0.15936,0.0,6.91,0,0.448,6.211,0.065,5.7209,3,2.33,17.9,3.9446,2.48,24.7,24.382165366604724
0.12269,0.0,6.91,0,0.448,6.069,0.4,5.7209,3,2.33,17.9,3.8939,3.18,21.2,23.283198858063912
0.17142,0.0,6.91,0,0.448,5.682,0.338,5.1004,3,2.33,17.9,3.969,3.4,19.3,20.59100745415
0.18836,0.0,6.91,0,0.448,5.786,0.333,5.1004,3,2.33,17.9,3.969,4.72,20.0,21.15801282898962
0.22927,0.0,6.91,0,0.448,6.03,0.855,5.6894,3,2.33,17.9,3.9274,6.27,16.6,18.13938347317799
0.25387,0.0,6.91,0,0.448,5.399,0.953,5.87,3,2.33,17.9,3.969,10.27,14.4,15.846766490620892
0.21977,0.0,6.91,0,0.448,5.602,0.62,6.0877,3,2.33,17.9,3.969,5.4,19.4,18.77874951108167
0.08873,21.0,5.64,0,0.439,5.963,0.457,6.8147,4,2.43,16.8,3.9556,4.48,19.7,20.24134564779922
0.04337,21.0,5.64,0,0.439,6.115,0.63,6.8147,4,2.43,16.8,3.9397,3.14,20.5,21.373295620075716
0.0536,21.0,5.64,0,0.439,6.511,0.211,6.8147,4,2.43,16.8,3.969,1.76,25.0,23.35961970568591
0.04981,21.0,5.64,0,0.439,5.998,0.214,6.8147,4,2.43,16.8,3.969,2.81,23.4,21.6646308315066
0.0136,75.0,4.0,0,0.41,5.888,0.476,7.3197,3,4.69,21.1,3.969,4.93,18.9,17.28889652686871
0.01311,90.0,1.22,0,0.403,7.249,0.219,8.6966,5,2.26,17.9,3.9593,1.6,35.4,35.55994653360244
0.02055,85.0,0.74,0,0.41,6.383,0.357,9.1876,2,3.13,17.3,3.969,1.92,24.7,23.825003896027663
0.01432,100.0,1.32,0,0.411,6.816,0.405,8.3248,5,2.56,15.1,3.929,1.32,31.6,31.47274229593334
0.15445,25.0,5.13,0,0.453,6.145,0.292,7.8148,8,2.84,19.7,3.9068,2.29,23.3,22.912425515341273
0.10328,25.0,5.13,0,0.453,5.927,0.472,6.932,8,2.84,19.7,3.969,3.07,19.6,20.98880559249149
0.14932,25.0,5.13,0,0.453,5.741,0.662,7.2254,8,2.84,19.7,3.9511,4.38,18.7,18.870256261521597
0.17171,25.0,5.13,0,0.453,5.966,0.934,6.8185,8,2.84,19.7,3.7808,4.81,16.0,17.18029311497876
0.11027,25.0,5.13,0,0.453,6.456,0.678,7.2255,8,2.84,19.7,3.969,2.24,22.2,22.247785445396357
0.1265,25.0,5.13,0,0.453,6.762,0.434,7.9809,8,2.84,19.7,3.9558,3.17,25.0,24.520187191678218
0.01951,17.5,1.38,0,0.4161,7.104,0.595,9.2229,3,2.16,18.6,3.9324,2.68,33.0,31.147696877430104
0.03584,80.0,3.37,0,0.398,6.29,0.178,6.6115,4,3.37,16.1,3.969,1.56,23.5,24.599873558548605
0.04379,80.0,3.37,0,0.398,5.787,0.311,6.6115,4,3.37,16.1,3.969,3.41,19.4,20.21548106866103
0.05789,12.5,6.07,0,0.409,5.878,0.214,6.498,4,3.45,18.9,3.9621,2.7,22.0,21.198640132379893
0.13554,12.5,6.07,0,0.409,5.594,0.368,6.498,4,3.45,18.9,3.969,4.36,17.4,19.489742212229064
0.12816,12.5,6.07,0,0.409,5.885,0.33,6.498,4,3.45,18.9,3.969,2.93,20.9,21.58539311614527
0.08826,0.0,10.81,0,0.413,6.417,0.066,5.2873,4,3.05,19.2,3.8373,2.24,24.2,23.691364532116552
0.15876,0.0,10.81,0,0.413,5.961,0.175,5.2873,4,3.05,19.2,3.7694,3.29,21.7,20.820604798057648
0.09164,0.0,10.81,0,0.413,6.065,0.078,5.2873,4,3.05,19.2,3.9091,1.84,22.8,23.477498754249137
0.19539,0.0,10.81,0,0.413,6.245,0.062,5.2873,4,3.05,19.2,3.7717,2.51,23.4,23.650778648625135
0.07896,0.0,12.83,0,0.437,6.273,0.06,4.2515,5,3.98,18.7,3.9492,2.26,24.1,24.761965449391553
0.09512,0.0,12.83,0,0.437,6.286,0.45,4.5026,5,3.98,18.7,3.8323,2.98,21.4,22.690111415829936
0.10153,0.0,12.83,0,0.437,6.279,0.745,4.0522,5,3.98,18.7,3.7366,3.99,20.0,20.418092214562904
0.08707,0.0,12.83,0,0.437,6.14,0.458,4.0905,5,3.98,18.7,3.8696,3.42,20.8,22.1862065242184
0.05646,0.0,12.83,0,0.437,6.232,0.537,5.0141,5,3.98,18.7,3.864,4.11,21.2,20.21316512004163
0.08387,0.0,12.83,0,0.437,5.874,0.366,4.5026,5,3.98,18.7,3.9606,3.03,20.3,22.09227720936581
0.04113,25.0,4.86,0,0.426,6.727,0.335,5.4007,4,2.81,19.0,3.969,1.76,28.0,26.526947869239162
0.04462,25.0,4.86,0,0.426,6.619,0.704,5.4007,4,2.81,19.0,3.9563,2.41,23.9,24.534043256462002
0.03659,25.0,4.86,0,0.426,6.302,0.322,5.4007,4,2.81,19.0,3.969,2.24,24.8,23.820628000947977
0.03551,25.0,4.86,0,0.426,6.167,0.467,5.4007,4,2.81,19.0,3.9064,2.5,22.9,23.276924403898366
0.05059,0.0,4.49,0,0.449,6.389,0.48,4.7794,3,2.47,18.5,3.969,3.21,23.9,23.025181107971427
0.05735,0.0,4.49,0,0.449,6.63,0.561,4.4377,3,2.47,18.5,3.923,2.18,26.6,26.83023061205482
0.05188,0.0,4.49,0,0.449,6.015,0.451,4.4272,3,2.47,18.5,3.9599,4.29,22.5,21.453116098420296
0.07151,0.0,4.49,0,0.449,6.121,0.568,3.7476,3,2.47,18.5,3.9515,2.81,22.2,24.379628213351335
0.0566,0.0,3.41,0,0.489,7.007,0.863,3.4217,2,2.7,17.8,3.969,1.83,23.6,26.153701904170624
0.05302,0.0,3.41,0,0.489,7.079,0.631,3.4145,2,2.7,17.8,3.9606,1.9,28.7,29.669454435407594
0.04684,0.0,3.41,0,0.489,6.417,0.661,3.0923,2,2.7,17.8,3.9218,2.94,22.6,24.046405372594933
0.03932,0.0,3.41,0,0.489,6.405,0.739,3.0921,2,2.7,17.8,3.9355,2.73,22.0,22.688084297913754
0.04203,28.0,15.04,0,0.464,6.442,0.536,3.6659,4,2.7,18.2,3.9501,2.72,22.9,23.85752719718989
0.02875,28.0,15.04,0,0.464,6.211,0.289,3.6659,4,2.7,18.2,3.9633,2.07,25.0,25.99393642038019
0.04294,28.0,15.04,0,0.464,6.249,0.773,3.615,4,2.7,18.2,3.969,3.53,20.6,20.337195861179907
0.12204,0.0,2.89,0,0.445,6.625,0.578,3.4952,2,2.76,18.0,3.5798,2.22,28.4,27.85020383190117
0.11504,0.0,2.89,0,0.445,6.163,0.696,3.4952,2,2.76,18.0,3.9183,3.78,21.4,23.88713154038541
0.12083,0.0,2.89,0,0.445,8.069,0.76,3.4952,2,2.76,18.0,3.969,1.4,38.7,41.211642438693225
0.08187,0.0,2.89,0,0.445,7.82,0.369,3.4952,2,2.76,18.0,3.9353,1.19,43.8,43.711912856189194
0.0686,0.0,2.89,0,0.445,7.416,0.625,3.4952,2,2.76,18.0,3.969,2.06,33.2,32.8418972960878
0.14866,0.0,8.56,0,0.52,6.727,0.799,2.7778,5,3.84,20.9,3.9476,3.14,27.5,24.761268356504157
0.11432,0.0,8.56,0,0.52,6.781,0.713,2.8561,5,3.84,20.9,3.9558,2.56,26.5,25.893677461924415
0.22876,0.0,8.56,0,0.52,6.405,0.854,2.7147,5,3.84,20.9,0.708,3.54,18.6,18.572753307973212
0.21161,0.0,8.56,0,0.52,6.137,0.874,2.7147,5,3.84,20.9,3.9447,4.48,19.3,20.317817654405925
0.1396,0.0,8.56,0,0.52,6.167,0.9,2.421,5,3.84,20.9,3.9269,4.11,20.1,20.579302002895155
0.13262,0.0,8.56,0,0.52,5.851,0.967,2.1069,5,3.84,20.9,3.9405,5.49,19.5,18.10945961953014
0.1712,0.0,8.56,0,0.52,5.836,0.919,2.211,5,3.84,20.9,3.9567,6.22,19.5,18.039307361060523
0.13117,0.0,8.56,0,0.52,6.127,0.852,2.1224,5,3.84,20.9,3.8769,4.7,20.4,20.579302002895155
0.12802,0.0,8.56,0,0.52,6.474,0.971,2.4329,5,3.84,20.9,3.9524,4.09,19.8,20.06492293477218
0.26363,0.0,8.56,0,0.52,6.229,0.912,2.5451,5,3.84,20.9,3.9123,5.18,19.4,18.995642618951027
0.10793,0.0,8.56,0,0.52,6.195,0.544,2.7778,5,3.84,20.9,3.9349,4.33,21.7,21.525709839053995
0.10084,0.0,10.01,0,0.547,6.715,0.816,2.6775,6,4.32,17.8,3.9559,3.39,22.8,23.284844365953955
0.12329,0.0,10.01,0,0.547,5.913,0.929,2.3534,6,4.32,17.8,3.9495,5.4,18.8,19.199681088121878
0.22212,0.0,10.01,0,0.547,6.092,0.954,2.548,6,4.32,17.8,3.969,5.7,18.7,19.942178370509964
0.14231,0.0,10.01,0,0.547,6.254,0.842,2.2565,6,4.32,17.8,3.8874,3.48,18.5,21.757900579015555
0.17134,0.0,10.01,0,0.547,5.928,0.882,2.4631,6,4.32,17.8,3.4491,5.25,18.3,19.589536001317672
0.13158,0.0,10.01,0,0.547,6.176,0.725,2.7301,6,4.32,17.8,3.933,4.01,21.2,21.711334390544565
0.15098,0.0,10.01,0,0.547,6.021,0.826,2.7474,6,4.32,17.8,3.9451,3.43,19.2,21.20081117247196
0.13058,0.0,10.01,0,0.547,5.872,0.731,2.4775,6,4.32,17.8,3.3863,5.12,20.4,19.699297600036715
0.14476,0.0,10.01,0,0.547,5.731,0.652,2.7592,6,4.32,17.8,3.915,4.54,19.3,21.163052789658636
0.06899,0.0,25.65,0,0.581,5.87,0.697,2.2577,2,1.88,19.1,3.8915,4.79,22.0,22.092648285655795
0.07165,0.0,25.65,0,0.581,6.004,0.841,2.1974,2,1.88,19.1,3.7767,4.76,20.3,20.708289420917207
0.09299,0.0,25.65,0,0.581,5.961,0.929,2.0869,2,1.88,19.1,3.7809,5.98,20.5,18.967690849697796
0.15038,0.0,25.65,0,0.581,5.856,0.97,1.9444,2,1.88,19.1,3.7031,8.47,17.3,17.385151782870363
0.09849,0.0,25.65,0,0.581,5.879,0.958,2.0063,2,1.88,19.1,3.7938,5.86,18.8,18.787569701674084
0.16902,0.0,25.65,0,0.581,5.986,0.884,1.9929,2,1.88,19.1,3.8502,4.94,21.4,20.572500556485828
0.38735,0.0,25.65,0,0.581,5.613,0.956,1.7572,2,1.88,19.1,3.5929,9.09,15.7,17.115657052054164
0.25915,0.0,21.89,0,0.624,5.693,0.96,1.7883,4,4.37,21.2,3.9211,5.73,16.2,15.46841937599206
0.32543,0.0,21.89,0,0.624,6.431,0.988,1.8125,4,4.37,21.2,3.969,5.13,18.0,17.500113432340605
0.88125,0.0,21.89,0,0.624,5.637,0.947,1.9799,4,4.37,21.2,3.969,6.11,14.3,15.325152056771405
0.34006,0.0,21.89,0,0.624,6.458,0.989,2.1185,4,4.37,21.2,3.9504,4.2,19.2,19.343219067432795
1.19294,0.0,21.89,0,0.624,6.326,0.977,2.271,4,4.37,21.2,3.969,4.09,19.6,19.343219067432795
0.59005,0.0,21.89,0,0.624,6.372,0.979,2.3274,4,4.37,21.2,3.8576,3.71,23.0,19.453280187514746
0.32982,0.0,21.89,0,0.624,5.822,0.954,2.4699,4,4.37,21.2,3.8869,5.01,18.4,17.493523140188238
0.97617,0.0,21.89,0,0.624,5.757,0.984,2.346,4,4.37,21.2,2.6276,5.77,15.6,15.119237749829368
0.55778,0.0,21.89,0,0.624,6.335,0.982,2.1107,4,4.37,21.2,3.9467,5.65,18.1,16.939508067045153
0.32264,0.0,21.89,0,0.624,5.942,0.935,1.9669,4,4.37,21.2,3.7825,5.63,17.4,16.358414466353594
0.35233,0.0,21.89,0,0.624,6.454,0.984,1.8498,4,4.37,21.2,3.9408,4.86,17.1,17.82542582801123
0.2498,0.0,21.89,0,0.624,5.857,0.982,1.6686,4,4.37,21.2,3.9204,7.11,13.3,13.841238052204359
0.54452,0.0,21.89,0,0.624,6.151,0.979,1.6687,4,4.37,21.2,3.969,6.15,17.8,16.233073296806833
0.2909,0.0,21.89,0,0.624,6.174,0.936,1.6119,4,4.37,21.2,3.8808,8.05,14.0,14.067542108992319
1.62864,0.0,21.89,0,0.624,5.019,1.0,1.4394,4,4.37,21.2,3.969,11.47,14.4,13.597682843257006
3.32105,0.0,19.58,1,0.871,15.1284,1.0,1.3216,5,4.03,14.7,3.969,8.94,13.4,14.374178378367388
4.0974,0.0,19.58,0,0.871,15.3104,1.0,1.4118,5,4.03,14.7,3.969,8.81,15.6,15.153809566270416
2.77974,0.0,19.58,0,0.871,13.7284,0.978,1.3459,5,4.03,14.7,3.969,9.76,11.8,14.863901818568293
2.37934,0.0,19.58,0,0.871,17.164,1.0,1.4191,5,4.03,14.7,1.7291,9.27,13.8,15.167560917275518
2.15505,0.0,19.58,0,0.871,15.7584,1.0,1.5166,5,4.03,14.7,1.6927,5.55,15.6,18.939538128922084
2.36862,0.0,19.58,0,0.871,13.7928,0.957,1.4608,5,4.03,14.7,3.9171,9.84,14.6,14.863901818568293
2.33099,0.0,19.58,0,0.871,14.5208,0.938,1.5296,5,4.03,14.7,3.5699,9.44,17.8,14.831902988971644
2.73397,0.0,19.58,0,0.871,15.6716,0.949,1.5257,5,4.03,14.7,3.5185,7.15,15.4,15.45502640127211
1.6566,0.0,19.58,0,0.871,17.1416,0.973,1.618,5,4.03,14.7,3.728,4.7,21.5,19.992321115115846
1.49632,0.0,19.58,0,0.871,15.1312,1.0,1.5916,5,4.03,14.7,3.416,4.43,19.6,19.800666875591112
1.12658,0.0,19.58,1,0.871,14.0336,0.88,1.6102,5,4.03,14.7,3.4328,4.04,15.3,18.142138810505863
2.14918,0.0,19.58,0,0.871,15.9852,0.985,1.6232,5,4.03,14.7,2.6195,5.26,19.4,18.536789361936364
1.41385,0.0,19.58,1,0.871,17.1612,0.96,1.7494,5,4.03,14.7,3.2102,5.04,17.0,16.744136883379237
3.53501,0.0,19.58,1,0.871,17.2256,0.826,1.7455,5,4.03,14.7,0.8801,5.01,15.6,15.625684710702442
2.44668,0.0,19.58,0,0.871,14.7616,0.94,1.7364,5,4.03,14.7,0.8863,5.38,13.1,14.841025658470786
1.22358,0.0,19.58,0,0.605,6.943,0.974,1.8773,5,4.03,14.7,3.6343,1.53,41.3,40.52333593014093
1.34284,0.0,19.58,0,0.605,6.066,1.0,1.7573,5,4.03,14.7,3.5389,2.14,24.3,25.695535360585275
1.42502,0.0,19.58,0,0.871,18.228,1.0,1.7659,5,4.03,14.7,3.6431,2.46,23.3,24.59373351266271
1.27346,0.0,19.58,1,0.605,6.25,0.926,1.7984,5,4.03,14.7,3.3892,1.83,27.0,25.775706522996053
1.46336,0.0,19.58,0,0.605,7.489,0.908,1.9709,5,4.03,14.7,3.7443,0.58,50.0,44.585354580166566
1.83377,0.0,19.58,1,0.605,7.802,0.982,2.0407,5,4.03,14.7,3.8961,0.64,50.0,46.02036812577716
1.51902,0.0,19.58,1,0.605,8.375,0.939,2.162,5,4.03,14.7,3.8845,1.11,50.0,46.779235329892444
2.24236,0.0,19.58,0,0.605,5.854,0.918,2.422,5,4.03,14.7,3.9511,3.88,22.7,21.673851697995552
2.924,0.0,19.58,0,0.605,6.101,0.93,2.2834,5,4.03,14.7,2.4016,3.27,25.0,23.19663544487159
2.01019,0.0,19.58,0,0.605,7.929,0.962,2.0459,5,4.03,14.7,3.693,1.23,50.0,47.28789607713663
1.80028,0.0,19.58,0,0.605,5.877,0.792,2.4259,5,4.03,14.7,2.2761,4.05,23.8,22.45621133107054
2.3004,0.0,19.58,0,0.605,6.319,0.961,2.1,5,4.03,14.7,2.9709,3.7,23.8,21.881607733162312
2.44953,0.0,19.58,0,0.605,6.402,0.952,2.2625,5,4.03,14.7,3.3004,3.77,22.3,21.881607733162312
1.20742,0.0,19.58,0,0.605,5.875,0.946,2.4259,5,4.03,14.7,2.9229,4.81,17.4,19.95376007638708
2.3139,0.0,19.58,0,0.605,5.88,0.973,2.3887,5,4.03,14.7,3.4813,4.01,19.1,21.141183619361264
0.13914,0.0,4.05,0,0.51,5.572,0.885,2.5961,5,2.96,16.6,3.969,4.9,23.1,21.30470790643091
0.09178,0.0,4.05,0,0.51,6.416,0.841,2.6463,5,2.96,16.6,3.955,3.01,23.6,24.191732586784077
0.08447,0.0,4.05,0,0.51,5.859,0.687,2.7019,5,2.96,16.6,3.9323,3.21,22.6,24.704404360232306
0.06664,0.0,4.05,0,0.51,6.546,0.331,3.1323,5,2.96,16.6,3.9096,1.78,29.4,28.899073977898475
0.07022,0.0,4.05,0,0.51,6.02,0.472,3.5549,5,2.96,16.6,3.9323,3.37,23.2,23.188313714564128
0.05425,0.0,4.05,0,0.51,6.315,0.734,3.3175,5,2.96,16.6,3.956,2.1,24.6,24.258969444452482
0.06642,0.0,4.05,0,0.51,6.86,0.744,2.9153,5,2.96,16.6,3.9127,2.31,29.9,28.912285043621594
0.0578,0.0,2.46,0,0.488,6.98,0.584,2.829,3,1.93,17.8,3.969,1.68,37.2,37.75306052323962
0.06588,0.0,2.46,0,0.488,7.765,0.833,2.741,3,1.93,17.8,3.9556,2.52,39.8,38.894954335301136
0.06888,0.0,2.46,0,0.488,6.144,0.622,2.5979,3,1.93,17.8,3.969,3.15,36.2,32.60865257362087
0.09103,0.0,2.46,0,0.488,7.155,0.922,2.7006,3,1.93,17.8,3.9412,1.61,37.9,39.417116967110076
0.10008,0.0,2.46,0,0.488,6.563,0.956,2.847,3,1.93,17.8,3.969,1.89,32.5,31.91522210999582
0.08308,0.0,2.46,0,0.488,5.604,0.898,2.9879,3,1.93,17.8,3.91,4.66,26.4,25.665489011562386
0.06047,0.0,2.46,0,0.488,6.153,0.688,3.2797,3,1.93,17.8,3.8711,4.38,29.6,28.79467472337127
0.05602,0.0,2.46,0,0.488,7.831,0.536,3.1992,3,1.93,17.8,3.9263,1.48,50.0,48.61530675376603
0.07875,45.0,3.44,0,0.437,6.782,0.411,3.7886,5,3.98,15.2,3.9387,2.23,32.0,29.12566453345225
0.12579,45.0,3.44,0,0.437,6.556,0.291,4.5667,5,3.98,15.2,3.8284,1.52,29.8,30.653685034647975
0.0837,45.0,3.44,0,0.437,7.185,0.389,4.5667,5,3.98,15.2,3.969,1.8,34.9,32.16167969959012
0.09068,45.0,3.44,0,0.437,6.951,0.215,6.4798,5,3.98,15.2,3.7768,1.7,37.0,31.918762917440173
0.06911,45.0,3.44,0,0.437,6.739,0.308,6.4798,5,3.98,15.2,3.8971,1.56,30.5,29.63524554779367
0.08664,45.0,3.44,0,0.437,7.178,0.263,6.4798,5,3.98,15.2,3.9049,0.96,36.4,34.99687163728996
0.02187,60.0,2.93,0,0.401,6.8,0.099,6.2196,1,2.65,15.6,3.9337,1.68,31.1,29.98043522109997
0.01439,60.0,2.93,0,0.401,6.604,0.188,6.2196,1,2.65,15.6,3.767,1.46,29.1,28.751744197436725
0.01381,80.0,0.46,0,0.422,7.875,0.32,5.6484,4,2.55,14.4,3.9423,0.99,50.0,45.94098779981882
0.04011,80.0,1.52,0,0.404,7.287,0.341,7.309,2,3.29,12.6,3.969,1.36,33.3,35.296357045594036
0.04666,80.0,1.52,0,0.404,7.107,0.366,7.309,2,3.29,12.6,3.5431,2.87,30.3,31.017563970159717
0.03768,80.0,1.52,0,0.404,7.274,0.383,7.309,2,3.29,12.6,3.922,2.21,34.6,33.55895972231321
0.0315,95.0,1.47,0,0.403,6.975,0.153,7.6534,3,4.02,17.0,3.969,1.52,34.9,33.16191457006537
0.01778,95.0,1.47,0,0.403,7.135,0.139,7.6534,3,4.02,17.0,3.843,1.48,32.9,33.41019051190259
0.03445,82.5,2.03,0,0.415,6.162,0.384,6.27,2,3.48,14.7,3.9377,2.48,24.1,23.096917114249724
0.02177,82.5,2.03,0,0.415,7.61,0.157,6.27,2,3.48,14.7,3.9538,1.04,42.3,42.553328917155895
0.0351,95.0,2.68,0,0.4161,7.853,0.332,5.118,4,2.24,14.7,3.9278,1.27,48.5,47.55537258824153
0.02009,95.0,2.68,0,0.4161,8.034,0.319,5.118,4,2.24,14.7,3.9055,0.96,50.0,46.85748352860712
0.13642,0.0,10.59,0,0.489,5.891,0.223,3.9454,4,2.77,18.6,3.969,3.62,22.6,23.356293004094507
0.22969,0.0,10.59,0,0.489,6.326,0.525,4.3549,4,2.77,18.6,3.9487,3.66,24.4,22.962107717272595
0.25199,0.0,10.59,0,0.489,5.783,0.727,4.3549,4,2.77,18.6,3.8943,6.02,22.5,19.594393194908935
0.13587,0.0,10.59,1,0.489,6.064,0.591,4.2392,4,2.77,18.6,3.8132,4.89,24.4,23.197456660472216
0.43571,0.0,10.59,1,0.489,5.344,1.0,3.875,4,2.77,18.6,3.969,7.7,20.0,18.827024900309205
0.17446,0.0,10.59,1,0.489,5.96,0.921,3.8771,4,2.77,18.6,3.9325,5.76,21.7,20.11257405128213
0.37578,0.0,10.59,1,0.489,5.404,0.886,3.665,4,2.77,18.6,3.9524,7.99,19.3,19.030668751176414
0.21719,0.0,10.59,1,0.489,5.807,0.538,3.6526,4,2.77,18.6,3.9094,5.34,22.4,22.17645283453893
0.14052,0.0,10.59,0,0.489,6.375,0.323,3.9454,4,2.77,18.6,3.8581,3.13,28.1,25.515960187127234
0.28955,0.0,10.59,0,0.489,5.412,0.098,3.5875,4,2.77,18.6,3.4893,9.85,23.7,21.724159339705636
0.19802,0.0,10.59,0,0.489,6.182,0.424,3.9454,4,2.77,18.6,3.9363,3.16,25.0,24.523940693841197
0.0456,0.0,13.89,1,0.55,5.888,0.56,3.1121,5,2.76,16.4,3.928,4.5,23.3,22.919447849935583
0.07013,0.0,13.89,0,0.55,6.642,0.851,3.4211,5,2.76,16.4,3.9278,3.23,28.7,26.749477340464097
0.11069,0.0,13.89,1,0.55,5.951,0.938,2.8893,5,2.76,16.4,3.969,5.97,21.5,21.114079481013153
0.11425,0.0,13.89,1,0.55,6.373,0.924,3.3633,5,2.76,16.4,3.9374,3.5,23.0,22.91310158588695
0.35809,0.0,6.2,1,0.507,6.951,0.885,2.8617,8,3.07,17.4,3.917,3.24,26.7,29.063334571635107
0.40771,0.0,6.2,1,0.507,6.164,0.913,3.048,8,3.07,17.4,3.9524,7.15,21.7,20.652152832341713
0.62356,0.0,6.2,1,0.507,6.879,0.777,3.2721,8,3.07,17.4,3.9039,3.31,27.5,25.17019771322518
0.6147,0.0,6.2,0,0.507,6.618,0.808,3.2721,8,3.07,17.4,3.969,2.53,30.1,26.908538456352645
0.31533,0.0,6.2,0,0.504,8.266,0.783,2.8944,8,3.07,17.4,3.8505,1.38,44.8,44.04408384244909
0.52693,0.0,6.2,0,0.504,8.725,0.83,2.8944,8,3.07,17.4,3.82,1.54,50.0,43.9643843967172
0.38214,0.0,6.2,0,0.504,8.04,0.865,3.2157,8,3.07,17.4,3.8738,1.04,37.6,41.639608959681475
0.41238,0.0,6.2,0,0.504,7.163,0.799,3.2157,8,3.07,17.4,3.7208,2.12,31.6,31.60795884356314
0.29819,0.0,6.2,0,0.504,7.686,0.17,3.3751,8,3.07,17.4,3.7751,1.31,46.7,45.203135692464286
0.44178,0.0,6.2,0,0.504,6.552,0.214,3.3751,8,3.07,17.4,3.8034,1.25,31.5,32.18533561699557
0.537,0.0,6.2,0,0.504,5.981,0.681,3.6715,8,3.07,17.4,3.7835,3.88,24.3,23.18183213269011
0.46296,0.0,6.2,0,0.504,7.412,0.769,3.6715,8,3.07,17.4,3.7614,1.75,31.7,32.6345485206625
0.57529,0.0,6.2,0,0.507,8.337,0.733,3.8384,8,3.07,17.4,3.8591,0.82,41.7,41.904880550994584
0.33147,0.0,6.2,0,0.507,8.247,0.704,3.6519,8,3.07,17.4,3.7895,1.32,48.3,45.79105083684364
0.44791,0.0,6.2,1,0.507,6.726,0.665,3.6519,8,3.07,17.4,3.602,2.68,29.0,28.08848277619735
0.33045,0.0,6.2,0,0.507,6.086,0.615,3.6519,8,3.07,17.4,3.7675,3.63,24.0,23.39409241553672
0.52058,0.0,6.2,1,0.507,6.631,0.765,4.148,8,3.07,17.4,3.8845,3.18,25.1,25.893097019738637
0.51183,0.0,6.2,0,0.507,7.358,0.716,4.148,8,3.07,17.4,3.9007,1.58,31.5,35.97034483675222
0.08244,30.0,4.93,0,0.428,6.481,0.185,6.1899,6,3.0,16.6,3.7941,2.12,23.7,23.786473106531716
0.09252,30.0,4.93,0,0.428,6.606,0.422,6.1899,6,3.0,16.6,3.8378,2.46,23.3,25.17765925381371
0.11329,30.0,4.93,0,0.428,6.897,0.543,6.3361,6,3.0,16.6,3.9125,3.79,22.0,23.661894660358445
0.10612,30.0,4.93,0,0.428,6.095,0.651,6.3361,6,3.0,16.6,3.9462,4.13,20.1,20.13446207798357
0.1029,30.0,4.93,0,0.428,6.358,0.529,7.0355,6,3.0,16.6,3.7275,3.74,22.2,20.395918129376618
0.12757,30.0,4.93,0,0.428,6.393,0.078,7.0355,6,3.0,16.6,3.7471,1.73,23.7,23.935654840502664
0.20608,22.0,5.86,0,0.431,5.593,0.765,7.9549,7,3.3,19.1,3.7249,4.17,17.6,18.037808099473118
0.19133,22.0,5.86,0,0.431,5.605,0.702,7.9549,7,3.3,19.1,3.8913,6.15,18.5,17.436399506350373
0.33983,22.0,5.86,0,0.431,6.108,0.349,8.0555,7,3.3,19.1,3.9018,3.05,24.3,22.298233611716007
0.19657,22.0,5.86,0,0.431,6.226,0.792,8.0555,7,3.3,19.1,3.7614,3.38,20.5,19.65257401950352
0.16439,22.0,5.86,0,0.431,6.433,0.491,7.8265,7,3.3,19.1,3.7471,3.17,24.5,22.075116367103703
0.19073,22.0,5.86,0,0.431,6.718,0.175,7.8265,7,3.3,19.1,3.9374,2.19,26.2,26.30056747954305
0.1403,22.0,5.86,0,0.431,6.487,0.13,7.3967,7,3.3,19.1,3.9628,1.97,24.4,23.64348611996029
0.21409,22.0,5.86,0,0.431,6.438,0.089,7.3967,7,3.3,19.1,3.7707,1.2,24.8,26.422101505820223
0.08221,22.0,5.86,0,0.431,6.957,0.068,8.9067,7,3.3,19.1,3.8609,1.18,29.6,30.755752070955264
0.36894,22.0,5.86,0,0.431,8.259,0.084,8.9067,7,3.3,19.1,3.969,1.18,42.8,42.514729560597544
0.04819,80.0,3.64,0,0.392,6.108,0.32,9.2203,1,3.15,16.4,3.9289,2.19,21.9,22.361289944828062
0.03548,80.0,3.64,0,0.392,5.876,0.191,9.2203,1,3.15,16.4,3.9518,3.08,20.9,20.567285116859697
0.01538,90.0,3.75,0,0.394,7.454,0.342,6.3361,3,2.44,15.9,3.8634,1.04,44.0,40.241082161136674
0.61154,20.0,3.97,0,0.647,8.704,0.869,1.801,5,2.64,13.0,3.897,1.71,50.0,47.992075053252755
0.66351,20.0,3.97,0,0.647,7.333,1.0,1.8946,5,2.64,13.0,3.8329,2.6,36.0,35.735832555550225
0.65665,20.0,3.97,0,0.647,6.842,1.0,2.0107,5,2.64,13.0,3.9193,2.3,30.1,34.941107748787125
0.54011,20.0,3.97,0,0.647,7.203,0.818,2.1121,5,2.64,13.0,3.928,3.2,33.8,36.086413424447045
0.53412,20.0,3.97,0,0.647,7.52,0.894,2.1398,5,2.64,13.0,3.8837,2.42,43.1,41.42961266152981
0.52014,20.0,3.97,0,0.647,8.398,0.915,2.2885,5,2.64,13.0,3.8686,1.97,48.8,41.75828265688094
0.82526,20.0,3.97,0,0.647,7.327,0.945,2.0788,5,2.64,13.0,3.9342,3.75,31.0,31.961986969272896
0.55007,20.0,3.97,0,0.647,7.206,0.916,1.9301,5,2.64,13.0,3.8789,2.7,36.5,35.726552673223054
0.76162,20.0,3.97,0,0.647,5.56,0.628,1.9865,5,2.64,13.0,3.924,3.48,22.8,25.32800553572449
0.7857,20.0,3.97,0,0.647,7.014,0.846,2.1329,5,2.64,13.0,3.8407,4.93,30.7,28.503129327772065
0.57834,20.0,3.97,0,0.575,8.297,0.67,2.4216,5,2.64,13.0,3.8454,2.48,50.0,46.09866519113401
0.5405,20.0,3.97,0,0.575,7.47,0.526,2.872,5,2.64,13.0,3.903,1.05,43.5,45.622817289455824
0.09065,20.0,6.96,1,0.464,5.92,0.615,3.9175,3,2.23,18.6,3.9134,4.55,20.7,22.47242053456033
0.29916,20.0,6.96,0,0.464,5.856,0.421,4.429,3,2.23,18.6,3.8865,4.33,21.1,21.404414428805293
0.16211,20.0,6.96,0,0.464,6.24,0.163,4.429,3,2.23,18.6,3.969,2.2,25.2,24.950747798614785
0.1146,20.0,6.96,0,0.464,6.538,0.587,3.9175,3,2.23,18.6,3.9496,2.58,24.4,24.189732011709882
0.22188,20.0,6.96,1,0.464,7.691,0.518,4.3665,3,2.23,18.6,3.9077,2.19,35.2,35.68546486985842
0.05644,40.0,6.41,1,0.447,6.758,0.329,4.0776,4,2.54,17.6,3.969,1.18,32.4,33.07369858978257
0.09604,40.0,6.41,0,0.447,6.854,0.428,4.2673,4,2.54,17.6,3.969,0.99,32.0,32.79972948349159
0.10469,40.0,6.41,1,0.447,7.267,0.49,4.7872,4,2.54,17.6,3.8925,2.02,33.2,33.67328914921444
0.06127,40.0,6.41,1,0.447,6.826,0.276,4.8628,4,2.54,17.6,3.9345,1.39,33.1,32.459369736295564
0.07978,40.0,6.41,0,0.447,6.482,0.321,4.1403,4,2.54,17.6,3.969,2.4,29.1,27.503743994604573
0.21038,20.0,3.33,0,0.4429,6.812,0.322,4.1007,5,2.16,14.9,3.969,1.62,35.1,34.922668991448816
0.03578,20.0,3.33,0,0.4429,7.82,0.645,4.6947,5,2.16,14.9,3.8731,1.25,45.4,45.479116689408826
0.03705,20.0,3.33,0,0.4429,6.968,0.372,5.2447,5,2.16,14.9,3.9223,1.53,35.4,35.375046636638025
0.06129,20.0,3.33,1,0.4429,7.645,0.497,5.2119,5,2.16,14.9,3.7707,1.0,46.0,45.79172160889886
0.01501,90.0,1.21,1,0.401,7.923,0.248,5.885,1,1.98,13.6,3.9552,1.05,50.0,49.30285393355026
0.00906,90.0,2.97,0,0.4,7.088,0.208,7.3073,1,2.85,15.3,3.9472,2.62,32.2,30.814995721888533
0.01096,55.0,2.25,0,0.389,6.453,0.319,7.3073,1,3.0,15.3,3.9472,2.74,22.0,21.993506738254133
0.01965,80.0,1.76,0,0.385,6.23,0.315,9.0892,1,2.41,18.2,3.416,4.31,20.1,21.977437910525282
0.03871,52.5,5.32,0,0.405,6.209,0.313,7.3172,6,2.93,16.6,3.969,2.38,23.2,23.17546292527839
0.0459,52.5,5.32,0,0.405,6.315,0.456,7.3172,6,2.93,16.6,3.969,2.53,22.3,22.631759328228778
0.04297,52.5,5.32,0,0.405,6.565,0.229,7.3172,6,2.93,16.6,3.7172,3.17,24.8,23.872000353110923
0.03502,80.0,4.95,0,0.411,6.861,0.279,5.1167,4,2.45,19.2,3.969,1.11,28.5,30.590930758956528
0.07886,80.0,4.95,0,0.411,7.148,0.277,5.1167,4,2.45,19.2,3.969,1.19,37.3,35.423390654686564
0.03615,80.0,4.95,0,0.411,6.63,0.234,5.1167,4,2.45,19.2,3.969,1.57,27.9,28.575949403736853
0.08265,0.0,13.92,0,0.437,6.127,0.184,5.5027,4,2.89,16.0,3.969,2.86,23.9,24.06394027403215
0.08199,0.0,13.92,0,0.437,6.009,0.423,5.5027,4,2.89,16.0,3.969,3.47,21.7,21.80851213316365
0.12932,0.0,13.92,0,0.437,6.678,0.311,5.9604,4,2.89,16.0,3.969,2.09,28.6,27.979342432115594
0.05372,0.0,13.92,0,0.437,6.549,0.51,5.9604,4,2.89,16.0,3.9285,2.46,27.1,25.92123260165328
0.14103,0.0,13.92,0,0.437,5.79,0.58,6.32,4,2.89,16.0,3.969,5.28,20.3,18.86950202303428
0.06466,70.0,2.24,0,0.4,6.345,0.201,7.8278,5,3.58,14.8,3.6824,1.66,22.5,24.08281436572165
0.05561,70.0,2.24,0,0.4,7.041,0.1,7.8278,5,3.58,14.8,3.7158,1.58,29.0,30.786545986262336
0.04417,70.0,2.24,0,0.4,6.871,0.474,7.8278,5,3.58,14.8,3.9086,2.02,24.8,25.632324971464797
0.03537,34.0,6.09,0,0.433,6.59,0.404,5.4917,7,3.29,16.1,3.9575,3.17,22.0,24.64859081398459
0.09266,34.0,6.09,0,0.433,6.495,0.184,5.4917,7,3.29,16.1,3.8361,2.89,26.4,24.101669316744214
0.1,34.0,6.09,0,0.433,6.982,0.177,5.4917,7,3.29,16.1,3.9043,1.62,33.1,32.57535124049876
0.05515,33.0,2.18,0,0.472,7.236,0.411,4.022,7,2.22,18.4,3.9368,2.31,36.1,34.669987038857215
0.05479,33.0,2.18,0,0.472,6.616,0.581,3.37,7,2.22,18.4,3.9336,2.98,28.4,28.531220500006235
0.07503,33.0,2.18,0,0.472,7.42,0.719,3.0992,7,2.22,18.4,3.969,2.16,33.4,34.330211533574015
0.04932,33.0,2.18,0,0.472,6.849,0.703,3.1827,7,2.22,18.4,3.969,2.51,28.2,31.014709428157136
0.49298,0.0,9.9,0,0.544,6.635,0.825,3.3175,4,3.04,18.4,3.969,1.51,22.8,29.909628320123883
0.3494,0.0,9.9,0,0.544,5.972,0.767,3.1025,4,3.04,18.4,3.9624,3.32,20.3,20.57656316407159
2.63548,0.0,9.9,0,0.544,4.973,0.378,2.5194,4,3.04,18.4,3.5045,4.21,16.1,19.67826433526973
0.79041,0.0,9.9,0,0.544,6.122,0.528,2.6403,4,3.04,18.4,3.969,1.99,22.1,25.37199352382693
0.26169,0.0,9.9,0,0.544,6.023,0.904,2.834,4,3.04,18.4,3.963,3.91,19.4,20.558852952102026
0.26938,0.0,9.9,0,0.544,6.266,0.828,3.2628,4,3.04,18.4,3.9339,2.63,21.6,22.576826162294328
0.3692,0.0,9.9,0,0.544,6.567,0.873,3.6023,4,3.04,18.4,3.9569,3.09,23.8,24.22474975394272
0.25356,0.0,9.9,0,0.544,5.705,0.777,3.945,4,3.04,18.4,3.9642,3.83,16.2,19.47292200362178
0.31827,0.0,9.9,0,0.544,5.914,0.832,3.9986,4,3.04,18.4,3.907,6.11,17.8,18.63800030608433
0.24522,0.0,9.9,0,0.544,5.782,0.717,4.0317,4,3.04,18.4,3.969,5.31,19.8,19.544984075431998
0.40202,0.0,9.9,0,0.544,6.382,0.672,3.5325,4,3.04,18.4,3.9521,3.45,23.1,22.75465779201665
0.47547,0.0,9.9,0,0.544,6.113,0.588,4.0019,4,3.04,18.4,3.9623,4.24,21.0,22.290094071817467
0.1676,0.0,7.38,0,0.493,6.426,0.523,4.5404,5,2.87,19.6,3.969,2.4,23.8,23.32756341654094
0.18159,0.0,7.38,0,0.493,6.376,0.543,4.5404,5,2.87,19.6,3.969,2.29,23.1,23.27831699833539
0.35114,0.0,7.38,0,0.493,6.041,0.499,4.7211,5,2.87,19.6,3.969,2.57,20.4,21.389022673127673
0.28392,0.0,7.38,0,0.493,5.708,0.743,4.7211,5,2.87,19.6,3.9113,3.91,18.5,18.84735036883741
0.34109,0.0,7.38,0,0.493,6.415,0.401,4.7211,5,2.87,19.6,3.969,2.04,25.0,23.27831699833539
0.19186,0.0,7.38,0,0.493,6.431,0.147,5.4159,5,2.87,19.6,3.9368,1.69,24.6,26.47308331861771
0.30347,0.0,7.38,0,0.493,6.312,0.289,5.4159,5,2.87,19.6,3.969,2.05,23.0,23.533482140981153
0.24103,0.0,7.38,0,0.493,6.083,0.437,5.4159,5,2.87,19.6,3.969,4.26,22.2,20.523452330275024
0.06617,0.0,3.24,0,0.46,5.868,0.258,5.2146,4,4.3,16.9,3.8244,3.32,19.3,22.76654378398076
0.06724,0.0,3.24,0,0.46,6.333,0.172,5.2146,4,4.3,16.9,3.7521,2.45,22.6,24.69457133170691
0.04544,0.0,3.24,0,0.46,6.144,0.322,5.8736,4,4.3,16.9,3.6857,3.03,19.8,22.817504103315706
0.05023,35.0,6.06,0,0.4379,5.706,0.284,6.6407,1,3.04,16.9,3.9402,4.14,17.1,18.26205946585412
0.03466,35.0,6.06,0,0.4379,6.031,0.233,6.6407,1,3.04,16.9,3.6225,2.61,19.4,20.2768334325379
0.05083,0.0,5.19,0,0.515,6.316,0.381,6.4584,5,2.24,20.2,3.8971,1.89,22.2,21.689029168334766
0.03738,0.0,5.19,0,0.515,6.31,0.385,6.4584,5,2.24,20.2,3.894,2.25,20.7,21.607159594806877
0.03961,0.0,5.19,0,0.515,6.037,0.345,5.9853,5,2.24,20.2,3.969,2.67,21.1,20.72306765785863
0.03427,0.0,5.19,0,0.515,5.869,0.463,5.2311,5,2.24,20.2,3.969,3.27,19.5,19.238305947604008
0.03041,0.0,5.19,0,0.515,5.895,0.596,5.615,5,2.24,20.2,3.9481,3.52,18.5,18.72306385785521
0.03306,0.0,5.19,0,0.515,6.059,0.373,4.8122,5,2.24,20.2,3.9614,2.84,20.6,21.252854641116503
0.05497,0.0,5.19,0,0.515,5.985,0.454,4.8122,5,2.24,20.2,3.969,3.25,19.0,19.334461216421655
0.06151,0.0,5.19,0,0.515,5.968,0.585,4.8122,5,2.24,20.2,3.969,3.1,18.7,20.55464038435682
0.01301,35.0,1.52,0,0.442,7.241,0.493,7.0379,1,2.84,15.5,3.9474,1.83,32.7,31.45333407882624
0.02498,0.0,1.89,0,0.518,6.54,0.597,6.2669,1,4.22,15.9,3.8996,2.88,16.5,19.633893421152834
0.02543,55.0,3.78,0,0.484,6.696,0.564,5.7321,5,3.7,17.6,3.969,2.39,23.9,26.10262867396555
0.03049,55.0,3.78,0,0.484,6.874,0.281,6.4654,5,3.7,17.6,3.8797,1.54,31.2,30.154696324689017
0.03113,0.0,4.39,0,0.442,6.014,0.485,8.0136,3,3.52,18.8,3.8564,3.51,17.5,18.774314522000218
0.06162,0.0,4.39,0,0.442,5.898,0.523,8.0136,3,3.52,18.8,3.6461,4.22,17.2,18.197478476497782
0.0187,85.0,4.15,0,0.429,6.516,0.277,8.5353,4,3.51,17.9,3.9243,2.12,23.1,23.290944095838068
0.01501,80.0,2.01,0,0.435,6.635,0.297,8.344,4,2.8,17.0,3.9094,2.0,24.5,25.422063457504102
0.02899,40.0,1.25,0,0.429,6.939,0.345,8.7921,1,3.35,19.7,3.8985,1.96,26.6,25.96164376446448
0.06211,40.0,1.25,0,0.429,6.49,0.444,8.7921,1,3.35,19.7,3.969,1.99,22.9,22.243379695457833
0.0795,60.0,1.69,0,0.411,6.579,0.359,10.7103,4,4.11,18.3,3.7078,1.83,24.1,24.282421162659812
0.07244,60.0,1.69,0,0.411,5.884,0.185,10.7103,4,4.11,18.3,3.9233,2.6,18.6,20.04179051678129
0.01709,90.0,2.02,0,0.41,6.728,0.361,12.1265,5,1.87,17.0,3.8446,1.5,30.1,30.664446935320846
0.04301,80.0,1.91,0,0.413,5.663,0.219,10.5857,4,3.34,22.0,3.828,2.68,18.2,18.86056713595881
0.10659,80.0,1.91,0,0.413,5.936,0.195,10.5857,4,3.34,22.0,3.7604,1.86,20.6,21.073725896931776
8.98296,0.0,18.1,1,0.77,17.3936,0.974,2.1222,24,6.66,20.2,3.7773,5.87,17.8,16.159623451299847
3.8497,0.0,18.1,1,0.77,17.906,0.91,2.5052,24,6.66,20.2,3.9134,4.42,21.7,20.458601501015337
5.20177,0.0,18.1,1,0.77,17.1556,0.834,2.7227,24,6.66,20.2,3.9543,3.83,22.7,21.767627790440837
4.26131,0.0,18.1,0,0.77,17.1136,0.813,2.5091,24,6.66,20.2,3.9074,4.22,22.6,20.1677771234627
4.54192,0.0,18.1,0,0.77,17.9144,0.88,2.5182,24,6.66,20.2,3.7456,2.6,25.0,26.607336227281838
3.83684,0.0,18.1,0,0.77,17.5028,0.911,2.2955,24,6.66,20.2,3.5065,4.73,19.9,19.141531027025643
3.67822,0.0,18.1,0,0.77,15.0136,0.962,2.1036,24,6.66,20.2,3.8079,3.4,20.8,21.428296286468353
4.22239,0.0,18.1,1,0.77,16.2484,0.89,1.9047,24,6.66,20.2,3.5304,4.88,16.8,17.403014201794516
3.47428,0.0,18.1,1,0.718,24.584,0.829,1.9047,24,6.66,20.2,3.5455,1.76,21.9,23.620846438188913
4.55587,0.0,18.1,0,0.718,9.9708,0.879,1.6132,24,6.66,20.2,3.547,2.37,27.5,26.60691155996144
3.69695,0.0,18.1,0,0.718,13.8964,0.914,1.7523,24,6.66,20.2,3.1603,4.67,21.9,18.705107373572172
13.5222,0.0,18.1,0,0.631,3.863,1.0,1.5106,24,6.66,20.2,1.3142,4.44,23.1,21.37136724161378
4.89822,0.0,18.1,0,0.631,4.97,1.0,1.3325,24,6.66,20.2,3.7552,1.09,50.0,49.48062731062466
5.66998,0.0,18.1,1,0.631,6.683,0.968,1.3567,24,6.66,20.2,3.7533,1.24,50.0,49.33215231207294
6.53876,0.0,18.1,1,0.631,7.016,0.975,1.2024,24,6.66,20.2,3.9205,0.99,50.0,49.38565176976401
9.2323,0.0,18.1,0,0.631,6.216,1.0,1.1691,24,6.66,20.2,3.6615,3.18,50.0,48.87294637407981
8.26725,0.0,18.1,1,0.668,5.875,0.896,1.1296,24,6.66,20.2,3.4788,2.96,50.0,48.86264025659815
11.1081,0.0,18.1,0,0.668,4.906,1.0,1.1742,24,6.66,20.2,3.969,11.59,13.8,13.391676095078013
18.4982,0.0,18.1,0,0.668,4.138,1.0,1.137,24,6.66,20.2,3.969,12.66,13.8,13.985693106420909
19.6091,0.0,18.1,0,0.671,7.313,0.979,1.3163,24,6.66,20.2,3.969,4.48,15.0,16.713779874275293
15.288,0.0,18.1,0,0.671,6.649,0.933,1.3449,24,6.66,20.2,3.6302,7.75,13.9,12.632815518530045
9.82349,0.0,18.1,0,0.671,6.794,0.988,1.358,24,6.66,20.2,3.969,7.08,13.3,13.115642434007109
23.6482,0.0,18.1,0,0.671,6.38,0.962,1.3861,24,6.66,20.2,3.969,7.9,13.1,11.295913543257356
17.8667,0.0,18.1,0,0.671,6.223,1.0,1.3861,24,6.66,20.2,3.9374,7.26,10.2,11.295913543257356
88.9762,0.0,18.1,0,0.671,6.968,0.919,1.4165,24,6.66,20.2,3.969,5.74,10.4,11.570851511128764
15.8744,0.0,18.1,0,0.671,6.545,0.991,1.5192,24,6.66,20.2,3.969,7.03,10.9,11.295913543257356
9.18702,0.0,18.1,0,0.7,5.536,1.0,1.5804,24,6.66,20.2,3.969,7.87,11.3,10.319566856371884
7.99248,0.0,18.1,0,0.7,5.52,1.0,1.5331,24,6.66,20.2,3.969,8.19,12.3,10.8561545724693
20.0849,0.0,18.1,0,0.7,4.368,0.912,1.4395,24,6.66,20.2,2.8583,10.21,8.8,9.019582034845357
16.8118,0.0,18.1,0,0.7,5.277,0.981,1.4261,24,6.66,20.2,3.969,10.27,7.2,8.549958999762076
24.3938,0.0,18.1,0,0.7,4.652,1.0,1.4672,24,6.66,20.2,3.969,9.43,10.5,9.471763428371737
22.5971,0.0,18.1,0,0.7,5.0,0.895,1.5184,24,6.66,20.2,3.969,10.66,7.4,8.549958999762076
14.3337,0.0,18.1,0,0.7,4.88,1.0,1.5895,24,6.66,20.2,3.7292,10.21,10.2,9.189728635328539
8.15174,0.0,18.1,0,0.7,5.39,0.989,1.7281,24,6.66,20.2,3.969,6.95,11.5,10.599221647603473
6.96215,0.0,18.1,0,0.7,5.713,0.97,1.9265,24,6.66,20.2,3.9443,5.7,15.1,13.865479069663369
5.29305,0.0,18.1,0,0.7,6.051,0.825,2.1678,24,6.66,20.2,3.7838,6.25,23.2,17.490928419644394
11.5779,0.0,18.1,0,0.7,5.036,0.97,1.77,24,6.66,20.2,3.969,8.56,9.7,9.665027543817898
8.64476,0.0,18.1,0,0.693,6.193,0.926,1.7912,24,6.66,20.2,3.969,5.06,13.8,14.784410277258518
13.3598,0.0,18.1,0,0.693,5.887,0.947,1.7821,24,6.66,20.2,3.969,5.45,12.7,12.205690090942978
8.71675,0.0,18.1,0,0.693,6.471,0.988,1.7257,24,6.66,20.2,3.9198,5.71,13.1,14.026069106120199
5.87205,0.0,18.1,0,0.693,6.405,0.96,1.6768,24,6.66,20.2,3.969,6.46,12.5,13.922527024116329
7.67202,0.0,18.1,0,0.693,5.747,0.989,1.6334,24,6.66,20.2,3.931,6.64,8.5,10.156292184740733
38.3518,0.0,18.1,0,0.693,5.453,1.0,1.4896,24,6.66,20.2,3.969,10.2,5.0,6.014776183925188
9.91655,0.0,18.1,0,0.693,5.852,0.778,1.5004,24,6.66,20.2,3.3816,9.99,6.3,8.286376617544503
25.0461,0.0,18.1,0,0.693,5.987,1.0,1.5888,24,6.66,20.2,3.969,8.92,5.6,8.515335493313762
14.2362,0.0,18.1,0,0.693,6.343,1.0,1.5741,24,6.66,20.2,3.969,6.77,7.2,10.036233501240497
9.59571,0.0,18.1,0,0.693,6.404,1.0,1.639,24,6.66,20.2,3.7611,6.77,12.1,10.999955333925891
24.8017,0.0,18.1,0,0.693,5.349,0.96,1.7028,24,6.66,20.2,3.969,6.59,8.3,10.878403562130318
41.5292,0.0,18.1,0,0.693,5.531,0.854,1.6074,24,6.66,20.2,3.2946,9.13,8.5,7.962259785528031
67.9208,0.0,18.1,0,0.693,5.683,1.0,1.4254,24,6.66,20.2,3.8497,7.66,5.0,6.602333217433204
20.7162,0.0,18.1,0,0.659,4.138,1.0,1.1781,24,6.66,20.2,3.7022,7.78,11.9,12.604868109712427
11.9511,0.0,18.1,0,0.659,5.608,1.0,1.2852,24,6.66,20.2,3.3209,4.04,27.9,26.030928689575074
7.40389,0.0,18.1,0,0.597,5.617,0.979,1.4547,24,6.66,20.2,3.1464,8.8,17.2,16.32786455376286
14.4383,0.0,18.1,0,0.597,6.852,1.0,1.4655,24,6.66,20.2,1.7936,6.59,27.5,22.184493569903054
51.1358,0.0,18.1,0,0.597,5.757,1.0,1.413,24,6.66,20.2,0.026,3.37,15.0,15.935892299500157
14.0507,0.0,18.1,0,0.597,6.657,1.0,1.5275,24,6.66,20.2,0.3505,7.07,17.2,17.28560709650516
18.811,0.0,18.1,0,0.597,4.628,1.0,1.5539,24,6.66,20.2,0.2879,11.46,17.9,15.818979699572177
28.6558,0.0,18.1,0,0.597,5.155,1.0,1.5894,24,6.66,20.2,2.1097,6.69,16.3,15.264767819659495
45.7461,0.0,18.1,0,0.693,4.519,1.0,1.6582,24,6.66,20.2,0.8827,12.33,7.0,7.688484692033149
18.0846,0.0,18.1,0,0.679,6.434,1.0,1.8347,24,6.66,20.2,0.2725,9.68,7.2,8.142904496777497
10.8342,0.0,18.1,0,0.679,6.782,0.908,1.8195,24,6.66,20.2,0.2157,8.6,7.5,9.194358073555964
25.9406,0.0,18.1,0,0.679,5.304,0.891,1.6475,24,6.66,20.2,1.2736,8.88,10.4,9.369577868792412
73.5341,0.0,18.1,0,0.679,5.957,1.0,1.8026,24,6.66,20.2,0.1645,6.87,8.8,8.438009935449909
11.8123,0.0,18.1,0,0.718,19.1072,0.765,1.794,24,6.66,20.2,0.4845,7.58,8.4,9.0299925435295
11.0874,0.0,18.1,0,0.718,17.9508,1.0,1.8589,24,6.66,20.2,3.1875,5.01,16.7,14.412948199354036
7.02259,0.0,18.1,0,0.718,16.8168,0.953,1.8746,24,6.66,20.2,3.1998,5.23,14.2,15.141583226418739
12.0482,0.0,18.1,0,0.614,5.648,0.876,1.9512,24,6.66,20.2,2.9155,4.7,20.8,18.425573961349063
7.05042,0.0,18.1,0,0.614,6.103,0.851,2.0218,24,6.66,20.2,0.0252,7.76,13.4,12.933101293203679
8.79212,0.0,18.1,0,0.584,5.565,0.706,2.0635,24,6.66,20.2,0.0365,5.72,11.7,14.044871655294028
15.8603,0.0,18.1,0,0.679,5.896,0.954,1.9096,24,6.66,20.2,0.0768,8.13,8.3,8.509493424507388
12.2472,0.0,18.1,0,0.584,5.837,0.597,1.9976,24,6.66,20.2,0.2465,5.23,10.2,15.852030005825485
37.6619,0.0,18.1,0,0.679,6.202,0.787,1.8629,24,6.66,20.2,0.1882,4.84,10.9,11.42293888541992
7.36711,0.0,18.1,0,0.679,6.193,0.781,1.9356,24,6.66,20.2,0.9673,7.17,11.0,10.085273480467032
9.33889,0.0,18.1,0,0.679,6.38,0.956,1.9682,24,6.66,20.2,0.6072,8.03,9.5,9.544494181277837
8.49213,0.0,18.1,0,0.584,6.348,0.861,2.0527,24,6.66,20.2,0.8345,5.88,14.5,14.522827658368318
10.0623,0.0,18.1,0,0.584,6.833,0.943,2.0882,24,6.66,20.2,0.8133,6.56,14.1,16.12059497713759
6.44405,0.0,18.1,0,0.584,6.425,0.748,2.2004,24,6.66,20.2,0.9795,4.01,16.1,17.289653672666237
5.58107,0.0,18.1,0,0.713,6.436,0.879,2.3158,24,6.66,20.2,1.0019,5.41,14.3,14.278137727198839
13.9134,0.0,18.1,0,0.713,6.208,0.95,2.2222,24,6.66,20.2,1.0063,5.06,11.7,12.559602319526034
11.1604,0.0,18.1,0,0.74,18.5612,0.946,2.1247,24,6.66,20.2,1.0985,7.76,13.4,12.714183835283416
14.4208,0.0,18.1,0,0.74,18.0908,0.933,2.0026,24,6.66,20.2,0.2749,6.02,9.6,10.824024119780118
15.1772,0.0,18.1,0,0.74,17.2256,1.0,1.9142,24,6.66,20.2,0.0932,8.82,8.7,8.93681916769969
13.6781,0.0,18.1,0,0.74,16.618,0.879,1.8206,24,6.66,20.2,0.6895,11.34,8.4,8.72024611151279
9.39063,0.0,18.1,0,0.74,15.7556,0.939,1.8172,24,6.66,20.2,3.969,7.63,12.8,11.891887068802218
22.0511,0.0,18.1,0,0.74,16.2904,0.924,1.8662,24,6.66,20.2,3.9145,7.37,10.5,10.829489205883581
9.72418,0.0,18.1,0,0.74,17.9368,0.972,2.0651,24,6.66,20.2,3.8596,6.51,17.1,16.175907415815562
5.66637,0.0,18.1,0,0.74,17.4132,1.0,2.0048,24,6.66,20.2,3.9569,5.53,18.4,16.343431838587993
9.96654,0.0,18.1,0,0.74,18.158,1.0,1.9784,24,6.66,20.2,3.8673,6.28,15.4,13.342343649063569
12.8023,0.0,18.1,0,0.74,16.3912,0.966,1.8956,24,6.66,20.2,2.4052,7.93,10.8,11.045693516723496
10.6718,0.0,18.1,0,0.74,18.0852,0.948,1.9879,24,6.66,20.2,0.4306,7.99,11.8,9.897880884635205
6.28807,0.0,18.1,0,0.74,17.7548,0.964,2.072,24,6.66,20.2,3.1801,5.93,14.9,15.538445419739785
9.92485,0.0,18.1,0,0.74,17.5028,0.966,2.198,24,6.66,20.2,3.8852,5.48,12.6,15.329665457380477
9.32909,0.0,18.1,0,0.713,6.185,0.987,2.2616,24,6.66,20.2,3.969,6.04,14.1,15.427911525348192
7.52601,0.0,18.1,0,0.713,6.417,0.983,2.185,24,6.66,20.2,3.0421,6.44,13.0,14.981065977453353
6.71772,0.0,18.1,0,0.713,6.749,0.926,2.3236,24,6.66,20.2,0.0032,5.81,13.4,13.523850759051998
5.44114,0.0,18.1,0,0.713,6.655,0.982,2.3552,24,6.66,20.2,3.5529,5.91,15.2,16.82365553253014
5.09017,0.0,18.1,0,0.713,6.297,0.918,2.3682,24,6.66,20.2,3.8509,5.76,16.1,16.89255914505408
8.24809,0.0,18.1,0,0.713,7.393,0.993,2.4527,24,6.66,20.2,3.7587,5.58,17.8,15.989231399719708
9.51363,0.0,18.1,0,0.713,6.728,0.941,2.4961,24,6.66,20.2,0.0668,6.24,14.9,13.475343632632152
4.75237,0.0,18.1,0,0.713,6.525,0.865,2.4358,24,6.66,20.2,0.5092,6.04,14.1,14.278137727198839
4.66883,0.0,18.1,0,0.713,5.976,0.879,2.5806,24,6.66,20.2,0.1048,6.34,12.7,14.50408105710747
8.20058,0.0,18.1,0,0.713,16.6208,0.803,2.7792,24,6.66,20.2,0.035,5.65,13.5,14.938997661433774
7.75223,0.0,18.1,0,0.713,17.6428,0.837,2.7831,24,6.66,20.2,2.7221,5.41,14.9,15.586952546159631
6.80117,0.0,18.1,0,0.713,17.0268,0.844,2.7175,24,6.66,20.2,3.969,4.9,20.0,17.15645779020736
4.81213,0.0,18.1,0,0.713,18.7628,0.9,2.5975,24,6.66,20.2,2.5523,5.47,16.4,16.601540604461004
3.69311,0.0,18.1,0,0.713,17.8528,0.884,2.5671,24,6.66,20.2,3.9143,4.88,17.7,18.753244865940005
6.65492,0.0,18.1,0,0.713,17.6876,0.83,2.7344,24,6.66,20.2,3.969,4.66,19.5,19.218545594649274
5.82115,0.0,18.1,0,0.713,18.2364,0.899,2.8016,24,6.66,20.2,3.9382,3.43,20.2,20.628593565523037
7.83932,0.0,18.1,0,0.655,6.209,0.654,2.9634,24,6.66,20.2,3.969,4.41,21.4,21.100819156467054
3.1636,0.0,18.1,0,0.655,5.759,0.482,3.0665,24,6.66,20.2,3.344,4.71,19.9,19.693385126616896
3.77498,0.0,18.1,0,0.655,5.952,0.847,2.8715,24,6.66,20.2,0.2201,5.72,19.0,16.820845845869705
4.42228,0.0,18.1,0,0.584,6.003,0.945,2.5403,24,6.66,20.2,3.3129,7.11,19.1,15.469329960647984
15.5757,0.0,18.1,0,0.58,5.926,0.71,2.9084,24,6.66,20.2,3.6874,6.04,19.1,15.769002210827177
13.0751,0.0,18.1,0,0.58,5.713,0.567,2.8237,24,6.66,20.2,3.969,4.92,20.1,18.068605536115403
4.34879,0.0,18.1,0,0.58,6.167,0.84,3.0334,24,6.66,20.2,3.969,5.43,19.9,17.804195242580473
4.03841,0.0,18.1,0,0.532,6.229,0.907,3.0993,24,6.66,20.2,3.9533,4.29,19.6,20.085602377247632
3.56868,0.0,18.1,0,0.58,6.437,0.75,2.8965,24,6.66,20.2,3.9337,4.79,23.2,19.008925926733852
4.64689,0.0,18.1,0,0.614,6.98,0.676,2.5329,24,6.66,20.2,3.7468,3.89,29.8,25.773980899005544
8.05579,0.0,18.1,0,0.584,5.427,0.954,2.4298,24,6.66,20.2,3.5258,6.05,13.8,15.673800078082712
6.39312,0.0,18.1,0,0.584,6.162,0.974,2.206,24,6.66,20.2,3.0276,8.03,13.3,14.958826414116402
4.87141,0.0,18.1,0,0.614,6.484,0.936,2.3053,24,6.66,20.2,3.9621,6.23,16.7,17.245791480928496
15.0234,0.0,18.1,0,0.614,5.304,0.973,2.1007,24,6.66,20.2,3.4948,8.3,12.0,12.938435248921222
10.233,0.0,18.1,0,0.614,6.185,0.967,2.1705,24,6.66,20.2,3.797,6.01,14.6,16.174257400531737
14.3337,0.0,18.1,0,0.614,6.229,0.88,1.9512,24,6.66,20.2,3.8332,4.37,21.4,19.276704751208335
5.82401,0.0,18.1,0,0.532,6.242,0.647,3.4242,24,6.66,20.2,3.969,3.58,23.0,21.68876362103875
5.70818,0.0,18.1,0,0.532,6.75,0.749,3.3317,24,6.66,20.2,3.9307,2.58,23.7,24.386228115746096
5.73116,0.0,18.1,0,0.532,7.061,0.77,3.4106,24,6.66,20.2,3.9528,2.34,25.0,27.243308518141127
2.81838,0.0,18.1,0,0.532,5.762,0.403,4.0983,24,6.66,20.2,3.9292,3.47,21.8,20.982991297039153
2.37857,0.0,18.1,0,0.583,5.871,0.419,3.724,24,6.66,20.2,3.7073,4.45,20.6,20.423149295109948
3.67367,0.0,18.1,0,0.583,6.312,0.519,3.9917,24,6.66,20.2,3.8862,3.53,21.2,21.474805265492602
5.69175,0.0,18.1,0,0.583,6.114,0.798,3.5459,24,6.66,20.2,3.9268,4.99,19.1,18.47304363804068
4.83567,0.0,18.1,0,0.583,5.905,0.532,3.1523,24,6.66,20.2,3.8822,3.82,20.6,20.98490917656395
0.15086,0.0,27.74,0,0.609,5.454,0.927,1.8209,4,7.11,20.1,3.9509,6.02,15.2,15.500062081429261
0.18337,0.0,27.74,0,0.609,5.414,0.983,1.7554,4,7.11,20.1,3.4405,7.99,7.0,11.13850236921324
0.20746,0.0,27.74,0,0.609,5.093,0.98,1.8226,4,7.11,20.1,3.1843,9.89,8.1,10.354674953428855
0.10574,0.0,27.74,0,0.609,5.983,0.988,1.8681,4,7.11,20.1,3.9011,6.02,13.6,14.955777170175905
0.11132,0.0,27.74,0,0.609,5.983,0.835,2.1099,4,7.11,20.1,3.969,4.45,20.1,19.595777450921872
0.17331,0.0,9.69,0,0.585,5.707,0.54,2.3817,6,3.91,19.2,3.969,4.0,21.8,21.094795415149843
0.27957,0.0,9.69,0,0.585,5.926,0.426,2.3817,6,3.91,19.2,3.969,4.53,24.5,21.535078807109993
0.17899,0.0,9.69,0,0.585,5.67,0.288,2.7986,6,3.91,19.2,3.9329,5.87,23.1,20.668430635274024
0.2896,0.0,9.69,0,0.585,5.39,0.729,2.7986,6,3.91,19.2,3.969,7.05,19.7,17.974489419712068
0.26838,0.0,9.69,0,0.585,5.794,0.706,2.8927,6,3.91,19.2,3.969,4.7,18.3,19.973398255828602
0.23912,0.0,9.69,0,0.585,6.019,0.653,2.4091,6,3.91,19.2,3.969,4.31,21.2,21.535078807109993
0.17783,0.0,9.69,0,0.585,5.569,0.735,2.3999,6,3.91,19.2,3.9577,5.03,17.5,18.91704452109739
0.22438,0.0,9.69,0,0.585,6.027,0.797,2.4982,6,3.91,19.2,3.969,4.78,16.8,19.50846604256701
0.06263,0.0,11.93,0,0.573,6.593,0.691,2.4786,1,2.73,21.0,3.9199,3.22,22.4,22.767971262218296
0.04527,0.0,11.93,0,0.573,6.12,0.767,2.2875,1,2.73,21.0,3.969,3.03,20.6,19.332402886808516
0.06076,0.0,11.93,0,0.573,6.976,0.91,2.1675,1,2.73,21.0,3.969,1.88,23.9,24.103521899094297
0.10959,0.0,11.93,0,0.573,6.794,0.893,2.3889,1,2.73,21.0,3.9345,2.16,22.0,24.43108410056448
0.04741,0.0,11.93,0,0.573,6.03,0.808,2.505,1,2.73,21.0,3.969,2.63,11.9,14.860173214067208
